,AAPL,GOOGL,JPM,MSFT,NVDA
AAPL,0.06587149788578091,0.031894723650626754,0.017713488708179202,0.024968243199440222,0.04277368428324174
GOOGL,0.031894723650626754,0.08702974268055025,0.01758139327927175,0.02719842295921185,0.055861575178147105
JPM,0.017713488708179202,0.01758139327927175,0.05143534878924464,0.014032612396356585,0.02797947668241579
MSFT,0.024968243199440222,0.02719842295921185,0.014032612396356585,0.0558376005818166,0.05729534747881222
NVDA,0.04277368428324174,0.055861575178147105,0.02797947668241579,0.05729534747881222,0.23435541782065714
