{
  "brute_force": {
    "selected": [
      "TSLA"
    ],
    "energy": -2.1987,
    "sharpe": 0.6666666666666666,
    "return": 0.3,
    "risk": 0.45
  },
  "mvo_continuous": {
    "weights": {
      "AAPL": 3.180023568125203e-17,
      "MSFT": 0.8423423080015674,
      "GOOGL": 0.015613967346537985,
      "AMZN": 0.0,
      "TSLA": 0.14204372465189458
    },
    "return": 0.23027052025789388,
    "risk": 0.22219882888964232,
    "sharpe": 1.0363264352408466
  },
  "qaoa_by_p": {
    "1": {
      "selected": [
        "TSLA"
      ],
      "energy": -2.19875,
      "approx_ratio": 1.0000227407104196,
      "return": 0.3,
      "risk": 0.45,
      "sharpe": 0.6666666666666666,
      "time": 3.3599581718444824,
      "convergence": [
        3.4902978796386717,
        5.899804422363279,
        4.295927085693359,
        12.31644017944336,
        7.115986568847656,
        2.9448598937988284,
        1.4892947277832027,
        3.4253819858398438,
        1.7181213737792964,
        1.5544466752929684,
        1.4793618186035156,
        2.0069527915039065,
        1.2268557556152342,
        1.0503434355468746,
        0.7850804956054686,
        0.3142436860351561,
        -0.23110047119140628,
        2.010235799804687,
        1.3854048979492184,
        -0.1767891584472659,
        -0.20211702783203137,
        -0.2172005458984375,
        -0.2608246008300782,
        -0.2743911428222656,
        -0.2660101088867189,
        -0.29536929736328155,
        -0.269263170654297,
        -0.3116877373046875,
        -0.2978638063964844,
        -0.27734614770507815,
        -0.30431628613281275,
        -0.30980536303710937,
        -0.29506182812500015,
        -0.31560385546875,
        -0.31125632128906244,
        -0.31504880200195307,
        -0.31560385546875,
        -0.3189082800292969,
        -0.30788586840820303,
        -0.3193876318359376,
        -0.3140363623046875
      ]
    },
    "2": {
      "selected": [
        "TSLA"
      ],
      "energy": -2.19875,
      "approx_ratio": 1.0000227407104196,
      "return": 0.3,
      "risk": 0.45,
      "sharpe": 0.6666666666666666,
      "time": 7.015591859817505,
      "convergence": [
        6.495679386718748,
        9.767420644531247,
        6.084969026855466,
        3.9002056962890626,
        6.357353595458985,
        5.209508518798827,
        4.612126549072266,
        3.9533729277343745,
        4.475472222412109,
        3.7142918344726557,
        3.3148741535644524,
        3.555224283447265,
        3.2326613195800777,
        3.1915481081542962,
        3.647277386474609,
        3.0075739057617183,
        2.4854955700683594,
        2.0811604145507805,
        4.028045244628907,
        1.3493893591308592,
        0.8798184711914061,
        0.5913965270996091,
        1.200368253417969,
        0.10534111279296857,
        -0.4447821811523437,
        -0.3333791901855472,
        -0.38889759814453145,
        -0.5086379895019533,
        -0.41898147705078137,
        -0.4850857622070315,
        -0.5262272712402345,
        -0.5700103051757812,
        -0.6151638083496094,
        -0.5656453117675784,
        -0.6027148007812503,
        -0.6435550986328127,
        -0.6184948352050782,
        -0.6329734189453126,
        -0.6606521489257816,
        -0.6946105732421877,
        -0.7534548166503908,
        -0.8057871296386719,
        -0.8572917377929689,
        -0.8931043190917969,
        -0.8583331508789063,
        -0.9111859931640627,
        -0.9296046076660158,
        -0.9273819782714845,
        -0.9180351298828128,
        -0.9467599523925786,
        -0.9805804362792971,
        -0.9361858918457031,
        -0.9922981328125001,
        -0.9957851049804689,
        -0.9956315722656255,
        -0.9846901455078126,
        -1.0045048071289064,
        -1.0479132153320316,
        -1.0404756914062503,
        -1.0302858076171877,
        -1.025019635498047,
        -1.021788311767578,
        -1.0546396347656248,
        -1.0516703630371094,
        -1.0502177099609376,
        -1.0251053969726567,
        -1.0432054633789063,
        -1.052602607421875,
        -1.0428576831054688,
        -1.0438483500976563,
        -1.0436892165527347,
        -1.0414248474121095,
        -1.0609318657226563,
        -1.0438553352050786,
        -1.0565579973144532,
        -1.0448857731933596,
        -1.0573325021972657,
        -1.060919568359375,
        -1.0492620993652344,
        -1.0600247958984372,
        -1.0571256564941405,
        -1.0609318657226563,
        -1.0492620993652344
      ]
    },
    "3": {
      "selected": [
        "TSLA"
      ],
      "energy": -2.19875,
      "approx_ratio": 1.0000227407104196,
      "return": 0.3,
      "risk": 0.45,
      "sharpe": 0.6666666666666666,
      "time": 5.190404176712036,
      "convergence": [
        6.979145319580079,
        12.53135090966797,
        6.6720003266601555,
        0.2099175581054685,
        -0.43582883007812495,
        2.423604938476562,
        8.205542511718749,
        4.053899176025391,
        1.2200183098144528,
        0.4788110351562499,
        -0.21598262866210965,
        -0.4331674799804689,
        0.06027304882812478,
        -0.32101245556640645,
        -0.7774077963867188,
        -0.8855730573730469,
        -1.1035240969238282,
        -1.0968757924804688,
        -0.7359988613281252,
        -1.4461736823730469,
        -1.3405818513183596,
        -1.4605530627441408,
        -1.4769423737792968,
        -1.2190419562988284,
        -1.2571961520996096,
        -1.5846367832031254,
        -1.689455536376953,
        -1.5792304472656253,
        -1.6366655771484377,
        -1.3550696430664062,
        -1.6666983073730472,
        -1.6568909392089846,
        -1.6854981994628906,
        -1.6756114306640624,
        -1.6919981259765624,
        -1.6743850161132812,
        -1.693585195068359,
        -1.689980145019531,
        -1.6995083378906246,
        -1.7057667058105466,
        -1.6735432658691403,
        -1.7019962985839836,
        -1.6790931853027342,
        -1.688123874267578,
        -1.6920303691406247,
        -1.7130776503906247,
        -1.7144589199218745,
        -1.699288001953125,
        -1.714897697021484,
        -1.7092837382812498,
        -1.7100136291503905,
        -1.705362349853515,
        -1.7091816179199215,
        -1.7068112702636715,
        -1.7153475915527336,
        -1.7096561784667965,
        -1.714884517822265,
        -1.7120038757324214,
        -1.714897697021484,
        -1.7149048916015621,
        -1.7153475915527336,
        -1.711557904052734
      ]
    }
  }
}